transaction_id,customer_id,product_id,transaction_date,quantity,amount,status
T001,C001,P001,2026-09-01,1,55000,Completed
T002,C002,P002,2026-09-01,2,60000,Completed
T003,C001,P003,2026-09-02,3,4500,Completed
T004,C003,P004,2026-09-02,2,5000,Completed
T005,C004,P005,2026-09-03,1,12000,Completed
T006,C005,P006,2026-09-03,2,7000,Completed
T007,C006,P002,2026-09-04,1,30000,Completed
T008,C002,P003,2026-09-04,5,7500,Completed
T009,C007,P001,2026-09-05,1,55000,Completed
T010,C008,P004,2026-09-05,3,7500,Completed
T011,C003,P005,2026-09-06,2,24000,Completed
T012,C009,P006,2026-09-06,1,3500,Completed
T013,C001,P001,2026-09-07,1,-55000,Completed
T014,C002,P002,2026-09-07,1,30000,Cancelled
T015,C999,P003,2026-09-08,2,3000,Completed
T016,C004,P999,2026-09-08,1,10000,Completed
